title,excerpt,url,file_name,keyword,category
"A Panorama of the Gilded Age, Seen Through Sargent’s Art","SARGENT’S WOMENFour Lives Behind the CanvasBy Donna M. Lucey Illustrated. 311 pp. W.W. Norton & Company. $29.95.  The Gilded Age (of white Americans), from the 1870s to about 1900, is a joy to research and write about.",https://www.nytimes.com/2017/08/31/books/review/john-singer-sargents-women-donna-lucey.html,2133789b-3278-45e0-997c-db42615e1f68.txt,Art,art & traditions
Have You Checked Out the Art of Manliness Podcast Lately?,"Hey, did you know there’s an Art of Manliness Podcast?  It’s true.",http://www.artofmanliness.com/2017/09/01/checked-art-manliness-podcast-lately/,c8065644-7ebd-407f-8b62-ed2239dc4fff.txt,Art,art & traditions
Putting Art on Wheels and Taking It Back to the Streets,"MADRID — Jaime Colsa owns a transport company that delivers ordinary consumer goods — computers, food, drinks.",https://www.nytimes.com/2017/08/30/arts/design/painted-spanish-trucks-jaime-colsa-abraham-lacalle.html,f56cc3ed-f145-4f78-863a-5e4afa2a3c47.txt,Art,art & traditions
"Download Hundreds of Issues of Jugend, Germany’s Pioneering Art Nouveau Magazine (1896-1940)","It’s an ungainly word for English speakers, which is maybe why we do not hear it often: Gleichschaltung. Yet the concept remains central for a clear view of what happened to Germany in the 1930s.",http://www.openculture.com/2017/09/download-hundreds-of-issues-of-jugend-germanys-pioneering-art-nouveau-magazine-1896-1940.html,3f00a10d-2221-45f0-ad29-5be7b003bdbf.txt,Art,art & traditions
How TV Became Art,"In 2002, in an article called “The Televisionary,” Malcolm Gladwell told the story of the invention of television. The visionary in question was a man named Philo T. Farnsworth.",https://www.newyorker.com/culture/culture-desk/how-tv-became-art,58c6d49c-d873-496a-95fd-45c1db27a85d.txt,Art,art & traditions
In Praise of Writing Letters: Sam Shepard on the Irreplaceable Splendors of the Epistolary Art,"advised a nineteenth-century guide to the art of epistolary etiquette, “but also as a work of art.",https://www.brainpickings.org/2017/08/31/sam-shepard-letters/,a16727f3-32a7-4bfe-9ee2-f6b4053f0625.txt,Art,art & traditions
"With New Arts Space in San Francisco, a Private Collection Becomes Public",SAN FRANCISCO — The debut of the photography center at the San Francisco Museum of Modern Art (SFMoMA) last year called attention to the remarkable concentration of local collectors in the field.,https://www.nytimes.com/2017/08/31/arts/design/mcevoy-foundation-for-the-arts-san-francisco.html,6384678a-64ba-4ef9-adf4-bc236cc99154.txt,Art,art & traditions
A Catskills Art Scene Makes a Splash With Free Curry,"Type “250 East Front Street Hancock NY” into Google Street View and you’ll see a forlorn, aqua green car dealership, the kind of empty business that dots so many main streets in the Catskill Mountains these days.",https://www.nytimes.com/2017/08/30/fashion/uncle-brother-catskills-gavin-brown.html,5733dc65-0ff4-4b1b-9687-6c46b76c55fd.txt,Art,art & traditions
Enter the Nightmarish Realms of an Iconic Illustrator,"Marshall Arisman is a towering figure in the world of commercial illustration. He rose to prominence in the 70s, a time when color photographs were making photo-realistic illustrations feel redundant.",https://www.vice.com/en_us/article/gyymg7/enter-the-nightmarish-realms-of-an-iconic-illustrator,cd5546c7-3636-4d99-bf93-651ed773b17f.txt,Art,art & traditions
The Art Of Darkest Dungeon,"What do you get when you mix a little of Mike Mignola’s Hellboy with some pure despair? You get Darkest Dungeon, one of the most visually distinctive games on the market.      Progress isn’t permanent.",http://kotaku.com/the-art-of-darkest-dungeon-1798520287,7e6c0d6f-e3a1-489b-ab5c-7a1acca86204.txt,Art,art & traditions
What if There’s No Next Big Thing?,"What if, in the tech world, there is no next big thing? First we had fire, then came the wheel, and the PC, then the internet and then Google and then the iPhone and then … that’s it. There’s nothing more left to come.",http://www.e-flux.com/journal/what-if-theres-no-next-big-thing/,b766894b-24d0-4c5a-8690-51c2cc33114e.txt,Art,art & traditions
A Pixel Artist Renounces Pixel Art,"I’ve wanted to write this article for some time now, and this seems like the perfect opportunity to do so. For those of you who are aware of Dinofarm Games and our recent release, Auro for iOS and  Android, you know that we spent literally years producing carefully handmade, meticulous pixel art.",http://www.dinofarmgames.com/a-pixel-artist-renounces-pixel-art/,33416b72-6ab1-449d-9e1f-124b1c24fe79.txt,Art,art & traditions
The art of stealing,"The heating stove in Olga’s bathroom. She burned the artworks in it, she stated in a police interview. Photo Mugur Varzariu   Olga is on her own. Her son is in prison, being held on suspicion of having committed what they are calling on television ‘the art theft of the century’.",http://www.nrc.nl/kunsthal-en/,d90e7782-89f0-4d81-b4b8-c110957289ac.txt,Art,art & traditions
20 awesome examples of street art,"If you still need a proof that art can be found anywhere, those awesome examples of great street art should convince you.",http://www.designer-daily.com/20-awesome-examples-of-street-art-17849,58ed6145-7cc2-4908-9e29-08cc95bff4c4.txt,Art,art & traditions
30 Excellent Pixel Art Tutorials For Pixel Lovers,"If you’re born in 90s, I am sure that you have witnessed the glorious age of the pixel art. It exists on the old-school gaming platform, mobile phone and other digital devices.",http://www.hongkiat.com/blog/pixel-art-tutorials/,0db05bda-28d3-48a7-8869-10565bfe0c67.txt,Art,art & traditions
The Richest Photographer in the World,"“I didn’t really even think to ask [for permission to use the images]. I don’t think that way. It didn’t occur to me to ask him and even if I did and he said ‘no’, I still would have taken them.",http://priceonomics.com/the-richest-photographer-in-the-world/,ed85f640-1b01-47f1-80bf-5fb34efb90d6.txt,Art,art & traditions
"I'm Matt Eaton, Artist and Curator, and This Is How I Work","Matt Eaton is an artist in Detroit—but his own art is often a second priority. As director and curator of the Red Bull House of Art, Matt is an advocate for young, up-and-coming artists, helping to push their talents and promote their work.",http://lifehacker.com/im-matt-eaton-artist-and-curator-and-this-is-how-i-wo-1787168036,e910a9f0-aacc-4c0a-90e6-6231d9b9b7ac.txt,Art,art & traditions
When Pixels Collide,"Last weekend, a fascinating act in the history of humanity played out on Reddit.  For April Fool's Day, Reddit launched a little experiment. It gave its users, who are all anonymous, a blank canvas called Place.",http://sudoscript.com/reddit-place/,c3fc0bb4-5b7b-4bd1-ad55-8aed685b7e64.txt,Art,art & traditions
The 70 Most Beautiful Cinematic Shots in Movie History,"Just as photographers spend hours trying to frame the perfect shot, cinematographers do exactly the same for the big screen.",http://blazepress.com/2016/01/the-70-most-beautiful-cinematic-shots-in-movie-history/,3f75e380-0f18-4977-a8dd-5c6d3d46af5e.txt,Art,art & traditions
Download 464 Free Art Books from The Metropolitan Museum of Art,"You could pay $118 on Amazon for the Metropolitan Museum of Art's catalog The Art of Illumination: The Limbourg Brothers and the Belles Heures of Jean de France, Duc de Berry.",http://www.openculture.com/2015/03/download-422-free-art-books-from-the-metropolitan-museum-of-art.html,0bc1de2b-d330-4de2-a1ed-f7d6f9b0f0a4.txt,Art,art & traditions
"Marina Abramovic Has Outlasted Her Lovers and, She Hopes, Her Critics","Marina Abramovic thinks I think too much, and am not very useful besides that. And she is not wrong. Abramovic, when she turns her tractor-beam Slavic-magic gaze on you, sees a lot. Being with her, under the spell of that attention, makes you feel both protected by and protective of her.",http://www.thecut.com/2016/10/marina-abramovic-walk-through-walls-c-v-r.html,a778755e-0a8d-4f52-8a6f-f9410ddf24b8.txt,Art,art & traditions
What Happens If You Break an Artwork?,"Nick Flynn tripped and damaged several Qing dynasty vases at Cambridge’s Fitzwilliam Museum in 2006. Photo: Steve Baxter, via the Telegraph.  It’s the nightmare of many who set foot in an art museum: You trip, lose your balance, and fall right into a priceless work of art. Crash.",https://www.artsy.net/article/artsy-editorial-break-artwork,43bb9a72-ed1f-475f-98cc-d155a1a316b8.txt,Art,art & traditions
"Books worth reading, as recommended by Bill Gates, Susan Cain and more…","Find repose by exciting the mind. Some of the world’s leading thinkers offer the books that inspired them and their work. Skim the list for your favorite speakers, or get nerdy on a topic you’ve always wanted to know more about. Below find 52 books, recommended by TED speakers.",http://ideas.ted.com/books-worth-reading-this-holiday-recommended-by-bill-gates-susan-cain-and-more/,7b364925-6a6b-47e1-9356-3ba9f28b969b.txt,Art,art & traditions
A Call for a New Strenuous Age,"Note: All quotes, unless otherwise noted, are taken from No Place for Grace: Antimodernism and the Transformation of American Culture, 1880-1920 by T. J. Jackson Lears.  To look at various metrics of physical and mental health in the world today is to observe a rather gloomy picture.",http://www.artofmanliness.com/2016/12/21/call-new-strenuous-age/,0af4c902-cc89-44a5-bcdc-83fc6a28ac63.txt,Art,art & traditions
Provide meaning with motion,"Last week I attended Google I/O for the first time and participated on a small panel about cross-platform design challenges. There was so much going on that it was a bit of sensory overload, much like walking down the Las Vegas strip for the first time.",https://paulstamatiou.com/design-provide-meaning-with-motion/,45bf159a-e577-41cc-84f2-7788ffa7df19.txt,Art,art & traditions
Art journalism,"The paintings are of simple things: drapes fluttering in the breeze, a young boy making his way down a hill and across a meadow, ten or fifteen leaves dying on the spindly branch of a tree in late autumn. These images are painted with care, often in tempera, sometimes in watercolor.",http://the-easel.com/essays/easel-essay-andrew-wyeth-his-critics-and-small-town-mud/,cc86a0c7-08c3-4255-b2c6-a01614cb5ea8.txt,Art,art & traditions
How to get an art education without going to art school,"An education in the UK currently slides between £3,000 and £9,000 per year, and with many students struggling to find work after the golden gates of uni close you'd be forgiven for thinking 'what's the point?' Enter: the Internet, a glorious wormhole of philosophical memes, endless hours waste",http://www.dazeddigital.com/artsandculture/article/26908/1/how-to-get-an-art-education-without-going-to-art-school,d612a4b5-b248-4a42-a726-3861459d83a2.txt,Art,art & traditions
How You Define the Problem Determines Whether You Solve It,Typical stories of creativity and invention focus on finding novel ways to solve problems. James Dyson found a way to adapt the industrial cyclone to eliminate the bag in a vacuum cleaner.,https://hbr.org/2017/06/how-you-define-the-problem-determines-whether-you-solve-it,7470e9ef-e35b-4b80-aa0c-232775a5f05b.txt,Art,art & traditions
"The Metropolitan Museum of Art Puts 400,000 High-Res Images Online & Makes Them Free to Use Open Culture","On Friday, The Metropolitan Museum of Art announced that “more than 400,000 high-resolution digital images of public domain works in the Museum’s world-renowned collection may be downloaded directly from the Museum’s website for non-commercial use.",http://www.openculture.com/2014/05/the-met-puts-400000-high-res-images-online.html,f4e50f5a-8af6-4b3a-bf70-67d1b29c8f0d.txt,Art,art & traditions
noffle/art-of-readme,"This article can also be read in Chinese, Brazilian Portuguese and Spanish.  Where does the term ""README"" come from?",https://github.com/noffle/art-of-readme,7dc26079-9c76-403a-946c-e24309e25e4b.txt,Art,art & traditions
"Walk Through Walls: Marina Abramović on Art, Fear, Taking Risks, and Pain as a Focal Lens for Presence","Simone Weil wrote in contemplating how to make use of our suffering shortly before her untimely, heroic death in 1942.",https://www.brainpickings.org/2016/10/26/walk-through-walls-marina-abramovic/,6b6d565b-971e-43ff-a9e8-4456ced5e5ea.txt,Art,art & traditions
Banksy unmasked? Scientists use maths and criminology to map artist's identity,"British academics have used geographic profiling in a study which backs up a theory about the identity of elusive street artist Banksy British academics have used a combinations of maths, criminology and geographic profiling to back up a theory over the identity of mysterious street artist Banksy.",http://www.theguardian.com/artanddesign/2016/mar/05/banksy-unmasked-scientists-use-maths-and-criminology-to-map-artists-identity,7f5c9405-f66f-4705-a9bb-382b59955435.txt,Art,art & traditions
Philippe de Montebello on How the Metropolitan Museum of Art Can Reclaim Its Glory,"A grandee in the annals of American museum history, Philippe de Montebello is, at 81, an institution in his own right—as venerable and encyclopedic as would befit the Metropolitan Museum of Art, which he led for three decades.",https://news.artnet.com/art-world/philippe-de-montebello-on-the-met-and-acquavella-1037348,07f2951a-cbea-4734-8082-2d0e662acd22.txt,Art,art & traditions
Can Real Life Compete With an Instagram Playground?,"About three months ago, Beyoncé dumped a batch of Mother’s Day posts into her Instagram feed. They featured the then-pregnant singer and her daughter voguing for the camera in matching $5,395 floral Dolce & Gabbana dresses and included cameos by her mother, Tina Knowles Lawson, and Jay-Z.",https://www.theringer.com/tech/2017/8/9/16110424/instagram-playground-social-media,8acd172f-b40c-4933-a3b4-bbb535e138a1.txt,Art,art & traditions
Why Photographers Don’t Get Modern Art,"It’s understandable that the great unwashed masses of the larger population might not appreciate contemporary art. But you’d think that photographers, who are creatives in their own right, would appreciate the art and creativity of others in all of its various forms.",https://petapixel.com/2017/03/04/photographers-dont-get-modern-art/,1275431a-ebaa-4748-8e0f-1bce8189efdd.txt,Art,art & traditions
Has art ended again?,"There are more artworks, and more types of artwork, being produced than ever before. Galleries are widespread and – in some countries – free. Major art prizes, and major artists, receive frequent press attention. With all this abundance, it seems nonsensical to suggest that art had ended.",https://aeon.co/essays/even-if-the-story-of-art-has-died-does-art-still-live-on,069a8d35-1b3b-4e70-913c-8357506feea9.txt,Art,art & traditions
Marina Abramović turned attention seeking into a modern art form,"Reading Abramović's memoir is rather like watching EastEnders: I didn’t learn anything about performance art reading, but I can't deny I had fun.",http://www.newstatesman.com/culture/books/2016/11/marina-abramovi-turned-attention-seeking-modern-art-form,c7b9f98e-a0fa-4fae-a798-0d10455a26d0.txt,Art,art & traditions
The Latest Urban Street Art – Moss Graffiti,"The latest craze in urban street art? It’s moss graffiti! Go Green! Save the planet from toxic paint spray chemicals. Use this environmentally friendly medium for artistic expression. I was skeptical at first; but when I saw the creative designs, I was floored!",http://diycozyhome.com/moss-graffiti/,844da294-1a4e-4bda-8204-9874d8698245.txt,Art,art & traditions
How Writing To-Do Lists Helps Your Brain (Whether Or Not You Finish Them),"For a long time, I resisted to-do lists. I wanted the flexibility. I felt that if I kept a list, it would tie me down to a particular set of tasks. Gradually, though, I came around. The busier my work life became, the more crucial it was to have some sort of running agenda on hand.",https://www.fastcompany.com/3063392/how-writing-to-do-lists-helps-your-brain-even-when-you-dont-comple,a36a8e5b-4f47-4f34-98d8-6f22a1477830.txt,Art,art & traditions
How Art Became Irrelevant,In 1971 the performance artist Chris Burden stood against the wall of a California art gallery and ordered a friend to shoot him through the arm. That .,https://www.commentarymagazine.com/articles/how-art-became-irrelevant/,d000a246-1852-46c6-b6b8-dafe294f779e.txt,Art,art & traditions
How James Turrell Knocked the Art World Off Its Feet,"It was a beautiful Thursday morning in May, and everything was going wrong.",https://www.nytimes.com/2013/06/16/magazine/how-james-turrell-knocked-the-art-world-off-its-feet.html,cd1d6109-1253-4403-ba8b-c244ace030d3.txt,Art,art & traditions
"Color Theory for Designers, Part 1: The Meaning of Color","There are few things in design that are more subjective—or more important—than the use of color. A color that can evoke one reaction in one person may evoke the opposite reaction in another, due to culture, prior association, or even just personal preference.",https://www.smashingmagazine.com/2010/01/color-theory-for-designers-part-1-the-meaning-of-color/,bb859645-eb88-41d1-b257-579bb696584f.txt,Art,art & traditions
Ways of Seeing Instagram,Richard Prince is making art by recycling Instagram screenshots. Dealers are hawking art via Instagram. The Met has even retained an Instagram guru “to play catch-up to figure out how best to exploit this online pictorial medium.”,https://news.artnet.com/exhibitions/ways-of-seeing-instagram-37635,50f24df4-6096-4e3b-821f-28de12ad3ec0.txt,Art,art & traditions
12 Must-Read Tips for a Successful Career in the Art World,"Life as an aspiring artist is an endless sea of precarious arrangements, commercial demands, and cutthroat competitiveness. How to cope?",https://news.artnet.com/art-world/top-12-artist-tips-for-a-successful-career-283277,854946c9-fcdf-47fa-81ed-8608e6102173.txt,Art,art & traditions
Do You Realize Mad Max: Fury Road Is A Miracle?,"I’m serious. Mad Max: Fury Road should not exist. It should never have gotten made. It certainly shouldn’t be as awesome as it is. And yet somehow, against all odds, this impossible cinematic masterpiece is in theaters right now, in defiance of reality itself.",http://io9.gizmodo.com/do-you-realize-mad-max-fury-road-is-a-miracle-1707000166,59c316a5-f87c-43d3-9865-e80ef0e1b258.txt,Art,art & traditions
The Perils of Post-Internet Art,"Most people I know think ""Post-Internet"" is embarrassing to say out loud. 1 But so is most of the language that's used to write about contemporary art, and ""Post-Internet"" does the job of artspeak so efficiently that people keep saying it, embarrassment be damned.",http://www.artinamericamagazine.com/news-features/magazine/the-perils-of-post-internet-art/,d65d58e6-8e43-42d5-a203-a9762ee2cce5.txt,Art,art & traditions
Performance artist Marina Abramović: 'I was ready to die',"In Belgrade, audiences cut her; in New York, they came in their thousands and wept. What will happen when Marina Abramović lands in London for her most radical show yet? Emma Brockes talks to the art superstar about lipstick, masochism – and why she's too much for any man",https://www.theguardian.com/artanddesign/2014/may/12/marina-abramovic-ready-to-die-serpentine-gallery-512-hours,2ca0a5d8-3469-4c33-91cc-27a83ab4c036.txt,Art,art & traditions
The Mark of a Masterpiece,"Every few weeks, photographs of old paintings arrive at Martin Kemp’s eighteenth-century house, outside Oxford, England. Many of the art works are so decayed that their once luminous colors have become washed out, their shiny coats of varnish darkened by grime and riddled with spidery cracks.",http://www.newyorker.com/reporting/2010/07/12/100712fa_fact_grann,25658280-b852-42e5-9b25-9ece22626f4f.txt,Art,art & traditions
"The Reclusive, Doll-Collecting Copper Queen of Fifth Avenue","Huguette Clark, the youngest daughter of copper mogul and Montana Senator William Andrews Clark, lived her life in the headlines. Born in 1906 to the senator and Anna LaChapelle—Clark’s second wife, 39 years his junior—Huguette attracted media attention even as a toddler.",http://www.collectorsweekly.com/articles/the-reclusive-doll-collecting-copper-queen-of-fifth-avenue/,9715e118-054d-4916-80bb-479992283664.txt,Art,art & traditions
Facebook Design Director: The 5 Most Common Design Mistakes,There’s no learning without mistakes. And I’ve done the following (as well as seen the following done) too many times to count.,https://www.fastcodesign.com/3039362/facebook-design-director-the-5-most-common-design-mistakes,7bc2b2b5-f6ce-4ee5-a37e-f3838f5a939a.txt,Art,art & traditions
The New New Museum: The Whitney May Have Just Won New York’s Museum Arms Race,"I’ve spent much of my life in and in love with museums. When I was 10 years old, there was no mention of art in my home. But then my mother began driving me from the suburbs to the Art Institute of Chicago. There, she looked at art on her own for hours, leaving me to do the same.",http://www.vulture.com/2015/04/jerry-saltz-on-new-whitney-museum.html,fa2c4645-595b-4936-b735-3bdb1b8d42f7.txt,Art,art & traditions
Quantifying Creativity,"Pricing your art is different from making art; it's something you do with your art after it's made, when it's ready to leave your studio and get sold either by you personally or through a gallery, at an art fair, online, at open studios, through an agent or representative, wherever.",http://www.artbusiness.com/artists-how-to-price-your-art-for-sale.html,0c0f90c5-0c8e-4f9c-afeb-1ac072494c92.txt,Art,art & traditions
50 Awesome Photography Websites Feature Shoot Recommends for Daily Inspiration,"With the demise of our blogroll in our new site design, we thought we’d shine the light on 50 unique photography-based websites that inspire us on a daily basis.",http://www.featureshoot.com/2014/02/52-photo-sites-get-inspired/,4d7b6c3a-318f-42c2-bb83-f2c42e743390.txt,Art,art & traditions
What fuels great design (and why most startups don’t do it),"“How can my company become great at design?” Founders ask me this question more than any other. They’re often considering hiring a hotshot designer or expensive design agency. And while those might help, neither will bake design deep into how the company operates.",https://library.gv.com/what-fuels-great-design-and-why-most-startups-don-t-do-it-a8dd2c4f5cb4,8466b9c1-3985-4942-9223-1a204e546c42.txt,Art,art & traditions
Jeff Koons Is Back!,"If the walls at Manhattan’s Frick Collection could talk, they would have been uttering tiny gasps of shock and awe this spring at a lecture given by Jeff Koons for a small, mostly professional-art-world crowd.",http://www.vanityfair.com/culture/2014/07/jeff-koons-whitney-retropective,532574e1-28c9-4c6a-9082-2c4f2ddf58bb.txt,Art,art & traditions
"The Third Self: Mary Oliver on Time, Concentration, the Artist’s Task, and the Central Commitment of the Creative Life","the poet Jane Hirshfield wrote in her beautiful inquiry into the effortless effort of creativity, “world and self begin to cohere. With that state comes an enlarging: of what may be known, what may be felt, what may be done.",https://www.brainpickings.org/2016/10/12/mary-oliver-upstream-creativity-power-time/,de72cb80-8d21-4e9d-8027-f60462e1d8fa.txt,Art,art & traditions
The Tyranny of Art History in Contemporary Art,The art world likes to ask big art-centric questions like “Can art change the world?” We usually answer “Yes.” I usually disagree. Art can’t stop famine in sub-Saharan Africa or eradicate Zika. But art does change the world incrementally and by osmosis.,http://www.vulture.com/2016/09/tyranny-of-art-history-in-contemporary-art.html,2a911fc7-a98d-42cd-81c2-f5ea098b26e2.txt,Art,art & traditions
The Mission to Save Vanishing Internet Art,"In the 1990s, art found a new medium. Anarchic and unconstrained, the World Wide Web attracted an oddball collection of people ready to do almost anything and call it art. Often their work looked weird and amateurish, with pixelated graphics, tinny chiptune music and garish colors.",https://www.nytimes.com/2016/10/23/arts/design/the-mission-to-save-vanishing-internet-art.html,2c53b83d-d4af-4fc0-a8e0-ae26bb471ba2.txt,Art,art & traditions
Master of the Unreal,An air of unreality hangs over the astonishing exhibition of seventeenth-century Dutch artist Hercules Segers at the Metropolitan Museum of Art.,http://www.nybooks.com/daily/2017/03/03/master-of-the-unreal-hercules-segers/,dc59b96b-7283-4d03-9429-bcdd65a24491.txt,Art,art & traditions
The Guggenheim Puts 109 Free Modern Art Books Online Open Culture,"Back in January, 2012, we mentioned that the Guggenheim (the Frank Lloyd Wright-designed modern art museum in NYC) had put 65 art catalogues on the web, all free of charge.  We’re happy to report that, between then and now, the number of free texts has grown to 109.",http://www.openculture.com/2014/09/the-guggenheim-puts-109-free-modern-art-books-online.html,52d883dd-3f80-47d3-a24b-c32a27fd521a.txt,Art,art & traditions
7 Tips for Capturing More Powerful Fine Art Landscape Photography,"Capturing powerful landscape photographs, images that might be considered “Fine Art,” is no easy task. Here are 7 tips that have helped me to capture better, more meaningful landscape photos.  There are endless online discussions about the true concept of Fine Art, many regarding photography.",http://petapixel.com/2016/09/27/7-tips-capturing-powerful-fine-art-landscape-photography/,008e70eb-55d4-44cc-8dbd-c58f121b3de3.txt,Art,art & traditions
The 100 greatest American films,"America’s films are among its greatest exports. Since Thomas Edison’s innovations in the medium in the 1890s, the United States has consistently been a powerhouse in the development of cinema – from the massively popular entertainments of Hollywood to independent and avant-garde film.",http://www.bbc.com/culture/story/20150720-the-100-greatest-american-films,785822d2-a1fc-4763-95ab-62de5cfbf43c.txt,Art,art & traditions
How to Get a First Show at an Art Gallery,"Do you ever wonder how a gallery decides to give a new artist a first show? If you're like many artists, you probably think it's all about the art. You waltz your oeuvre through a gallery's doors, the owner swoons; game over. Right? No, not really.",http://www.artbusiness.com/how_to_show_your_art_at_a_gallery.html,7297d65d-59ef-4b93-a53f-2cc21d889ac6.txt,Art,art & traditions
The Paradox of Active Surrender: Jeanette Winterson on How Learning to Understand Art Transforms Us,"I recently attended an event at which a celebrated public radio personality attempted to interview a celebrated artist. “Attempted,” because he clearly did not understand her work and the spirit from which it sprang.",https://www.brainpickings.org/2014/10/27/jeanette-winterson-art-objects/,e725dc9c-a775-46d6-aab0-eca53bfa20bf.txt,Art,art & traditions
An Excavation Of One Of The World’s Greatest Art Collections,"About 4,000 years ago, an Egyptian senior government official named Meketre rode up the Nile, his dozen oarsmen straining against the prevailing northerly winds. Meketre was a kind of data collector, tasked with accounting the comings and goings of royal goods.",https://fivethirtyeight.com/features/an-excavation-of-one-of-the-worlds-greatest-art-collections/,6853c9ee-3508-4f27-b8a7-5e30bba9f7aa.txt,Art,art & traditions
Why Is Art Expensive?,"In 1996, an art dealer named Glafira Rosales approached Ann Freedman, the president of New York’s Knoedler Gallery, which sold artwork to wealthy collectors for over 150 years.",http://priceonomics.com/why-is-art-expensive/,fd7a1905-fc72-451b-9c0b-306285c33be5.txt,Art,art & traditions
The best books on the Lives of Artists — a Five Books interview,You’ve likened Giorgio Vasari’s Lives of the Artists to a kind of Renaissance version of Facebook.,http://fivebooks.com/interview/maria-loh-lives-artists/,b7d33fd4-f19c-4905-9a7b-0779eaddaa14.txt,Art,art & traditions
Bish-bash-bosh: how Phyllida Barlow conquered the art world at 73,"The story of Phyllida Barlow’s precipitous rise to art-world fame is irresistible, and it has been told and retold so many times that it has taken on the quality of myth. It goes something like this.",https://www.theguardian.com/artanddesign/2017/may/09/bish-bash-bosh-how-phyllida-barlow-conquered-the-art-world-at-73,8ff96212-02f1-4d92-bde0-144840fb8b79.txt,Art,art & traditions
Good Design,"My first design job was an internship on Microsoft OneNote in 2007. Our intrepid leader was the product founder Chris Pratley, who terrified me the way karaokeing Adele onstage while completely sober is terrifying.",https://medium.com/the-year-of-the-looking-glass/good-design-a89c15136ba6,41f4fa07-ad8b-42e0-b0a7-614946ea55fd.txt,Art,art & traditions
Leo Tolstoy on Emotional Infectiousness and What Separates Good Art from the Bad,"By 1897, Leo Tolstoy (September 9, 1828–November 20, 1910) was already a literary legend of worldwide acclaim and a man deeply invested in his ultimate quest to unravel the most important wisdom on life.",https://www.brainpickings.org/2013/09/09/leo-tolstoy-what-is-art-infectiousness/,c7735165-0a5e-402d-933d-4cb39b661f7f.txt,Art,art & traditions
How to Make Small Talk with Strangers: My 21-Day Happiness Experiment,"One of the more unexpected changes I discovered upon becoming a parent is how much more you end up talking with strangers. This is in part because strangers are more likely to approach you when you have a youngster with you, and in part because kids are great icebreakers.",http://www.artofmanliness.com/2014/06/04/how-to-make-small-talk-with-strangers-my-21-day-happiness-experiment/,70d5db96-5ec7-4dbc-9c84-56e5ee99c0c7.txt,Art,art & traditions
Why the Art World Is So Loathsome,"Now that photographs of this year’s Art Basel Miami are finally working their way out of everyone’s Instagram feeds, it’s worth revisiting Simon Doonan’s takedown of the modern art world.",http://www.slate.com/articles/arts/doonan/2012/11/art_basel_why_i_m_not_going_hint_it_s_because_the_modern_art_world_is_the.html,61f40cdb-a7e4-4e8c-8f81-71062c92cbd7.txt,Art,art & traditions
,,https://www.youtube.com/watch?v=vM39qhXle4g,4c64b63e-fb56-4a65-90ff-4d493821a861.txt,Art,art & traditions
People react to being called beautiful,"#breathebeautyI conducted an independent project, which evidently turned into a social experiment halfway through, regarding beauty at my performing arts high school in Chicago. I want to clarify that my intentions were not to get a reaction out of people. I was simply filming beauty and this is the",https://www.youtube.com/watch?v=aW8BDgLpZkI,b4a456bc-f3ef-49ad-8d81-1196fc4227f8.txt,Art,art & traditions
"If You Don’t Have Bread, Eat Art!: Contemporary Art and Derivative Fascisms",Is art a currency? Investor Stefan Simchowitz thinks so. He wrote with uncompromising clarity about the post-Brexit era: “Art will effectively continue its structural function as an alternative currency that hedges against inflation and currency depreciation.,http://www.e-flux.com/journal/76/69732/if-you-don-t-have-bread-eat-art-contemporary-art-and-derivative-fascisms/,aa0c09a1-b0b8-489d-ae55-329aafb031fc.txt,Art,art & traditions
Simple Rules of Thumb for Decorating Your Walls ,"If you don’t have an eye for design, you might not know where to start when it comes to putting art on your walls. You can always go with your gut, but this infographic lays out some basic rules that make it simple.",http://lifehacker.com/simple-rules-of-thumb-for-decorating-your-walls-1720088096,a7828f21-3383-4af6-9fa3-10e6b6ce7c01.txt,Art,art & traditions
"Efficiency, Minimalism, Trendiness","It seems as though any time you hear about Web design these days, you can’t help but come across the term “flat design.",https://thenextweb.com/dd/2014/03/19/history-flat-design-efficiency-minimalism-made-digital-world-flat/,a747cc00-f531-4140-a544-08e55dc155d4.txt,Art,art & traditions
"On Elite Campuses, an Arts Race","CAMBRIDGE, Mass. — Closed for six years, the Harvard Art Museums reopen here Sunday after a radical overhaul by the architect Renzo Piano. He saved only the shell of the chaste, red-brick Fogg Museum and its interior courtyard, extending it upward in sheets of glass and elegant trusswork.",https://www.nytimes.com/2014/11/16/arts/design/on-elite-campuses-an-arts-race.html,e6905197-27e6-4c52-9063-8356d224be59.txt,Art,art & traditions
¿Por qué no alcanzaron los grandes pintores del pasado el nivel de realismo que muchos artistas logran hoy?,Marc Clamage's answer to Are today's artists better than Leonardo Da Vinci?  But let's look at it from another angle.,https://www.quora.com/Why-didn%E2%80%99t-great-painters-of-the-past-reach-the-level-of-realism-achieved-today-by-many-artists,f4e59392-af11-4536-ac10-72e43b2b25e8.txt,Art,art & traditions
"John Berger / Ways of Seeing , Episode 1 (1972)","A BAFTA award-winning BBC series with John Berger, which rapidly became regarded as one of the most influential art programmes ever made. In the first programme, Berger examines the impact of photography on our appreciation of art from the past.Ways of Seeing is a 1972 BBC four-part television serie",https://www.youtube.com/watch?v=0pDE4VX_9Kk,8896245b-6b83-4380-848d-ad5a5a05121d.txt,Art,art & traditions
The Art of the Heist: Valuing Art through Its Theft,"In November 2010, a Chinese porcelain vase that had been languishing for decades in a suburban London ""bungalow"" sold for an astonishing 69 million dollars. It catapulted into the ranks of established brand names like Picasso, Van Gogh, and Renoir as one of the all-time highest bids at auction.",http://www.bookslut.com/features/2012_04_018800.php,651d8185-3334-43e8-99b1-75a460b545a0.txt,Art,art & traditions
Cracking the Biggest Art Heist in History,"It’s still regarded as the greatest unsolved art heist of all time: $500 million of art—including works by Rembrandt, Vermeer, Degas, and Manet—plucked from the Isabella Stewart Gardner Museum in Boston on March 18, 1990, by two men posing as police.",https://www.bloomberg.com/news/features/2017-06-20/the-hunt-for-the-isabella-stewart-gardner-museum-artwork,ea09c861-6a4b-44f8-9b50-15258e05ceee.txt,Art,art & traditions
"Mastering the Art of ""Just Start""","For most of us, there is nothing more daunting than coming face-to-face with a blank page. Sure, a tabula rasa means you can take a project in any direction, but that boundlessness can quickly become overwhelming.      This post originally appeared on the Help Scout blog.",http://lifehacker.com/mastering-the-art-of-just-start-1764837543,3a4c8c84-09dc-4021-8633-9cc6bfc7bae5.txt,Art,art & traditions
"Would you pay $2,000 for a GIF?","The artist Molly Soda, 24, is what you might call ""Tumblr famous."" The short, green-haired Chicago native has about 30,000 followers on the platform, where she posts GIFs, selfie performance pieces, and undulating word art.",http://www.theverge.com/2013/10/17/4844814/would-you-pay-2000-for-a-gif,fe718369-dd59-489f-825c-ab3cc4b38850.txt,Art,art & traditions
NSFW: Swiss Performance Artist Attends Art Basel Without Clothes,"When Bar Rafaeli appeared completely nude on the cover of Esquire, was it performance art? Possibly – she did have an actual artist named Stephen Victore paint the words of Stephen King on her body.",http://www.artfido.com/blog/swiss-performance-artist-attends-art-basel-without-clothes/,4aca4d9c-562c-4fca-aa4b-93238cfa653a.txt,Art,art & traditions
8 Things Every Person Should Do Before 8 A.M.,"Here is the Italian and French translations.  Life is busy. It can feel impossible to move toward your dreams. If you have a full-time job and kids, it’s even harder.",https://medium.com/the-mission/8-things-every-person-should-do-before-8-a-m-cc0233e15c8d,6f17e4ac-da7f-4f5f-95a4-10462874af2c.txt,Art,art & traditions
Adding Monsters to Thrift Store Paintings,Have you ever been to a thrift store (think Goodwill or Salvation Army) and noticed that they usually carry a small selection of landscape paintings? Artists Chris McMahon and Thryza Segal decided to inject a little fun into these discarded works and give them a second life by adding monsters to th,http://twistedsifter.com/2012/04/adding-monsters-to-thrift-store-paintings/,9901c54a-7563-46d9-a60c-6f2087d2eebe.txt,Art,art & traditions
Edge and the Art Collector,"In 1999, he bought Munch’s Madonna for $11 million. In 2004, he bought Hirst’s The Physical Impossibility of Death in the Mind of Someone Living for $8 million. In 2006, he bought a Pollock for $52 million. In 2006, he bought de Kooning’s Woman III for $137 million.",https://nplusonemag.com/online-only/online-only/edge-and-the-art-collector/,ca634873-5ebc-4450-906b-46903fcdb938.txt,Art,art & traditions
Why you should move that button 3px to the left,"When a product is close to launch, I become a perfectionist. Each misaligned element or awkward interaction is like a thorn in my side. There’ll be a dozen tiny implementation mistakes that taunt me each time I run into them. Everything seems so broken.",https://library.gv.com/why-you-should-move-that-button-3px-to-the-left-c012e5ad32f7,5c5f3f70-1067-4d3f-a502-7501b6833e2d.txt,Art,art & traditions
"Krita Is a Fast, Flexible, and Free Photoshop Alternative Built by Artists","Windows/macOS/Linux: If you’re on the lookout for a digital painting tool and Photoshop is too expensive, Krita is a fast, free, and open source art tool that was developed by artists looking for something that met their needs without a ton of bloat or overhead.",http://lifehacker.com/krita-is-a-fast-flexible-and-free-photoshop-alternati-1791620814,fe3bb1da-0fc1-456f-84f8-e87922005569.txt,Art,art & traditions
The Met and Other Museums Adapt to the Digital Age,"For the Metropolitan Museum of Art, a turning point came in 2011. Down went the signs imploring visitors to stow their cellphones. The Met revamped its website, tailoring it for viewing on smartphone screens.",https://www.nytimes.com/2014/10/26/arts/artsspecial/the-met-and-other-museums-adapt-to-the-digital-age.html,85a5f0c6-8212-412b-8f34-844e669d713a.txt,Art,art & traditions
"Art Supply Sales Jumped in January, Thanks to Protest Signs, Report Says","Political activism can be measured in several ways: by the number of signatories on a petition, demonstrators at a protest or donations to an organization.  Or, in some cases, the sale of art supplies.",https://www.nytimes.com/2017/03/22/business/signs-art-supplies-protests.html,3313300d-663e-41f4-b065-5605914cdd9a.txt,Art,art & traditions
The Devil and the Art Dealer,"At about nine P.M. on September 22, 2010, the high-speed train from Zurich to Munich passed the Lindau border, and Bavarian customs officers came aboard for a routine check of passengers.",http://www.vanityfair.com/news/2014/04/degenerate-art-cornelius-gurlitt-munich-apartment,71e069d9-18b2-4a0b-bcab-888a70071be2.txt,Art,art & traditions
How To Hang Your Artwork and Not Screw It Up,"I have always loved artwork and thought that it was the most most personal part of any home, but I never knew how to make it all look good on the wall. Then a friend gave me a great tip that to THIS day has made picture hanging a simple, gratifying task.",http://www.apartmenttherapy.com/how-to-hang-artwork-properly-57-inches-from-the-floor-6174,a43faa4d-a0ad-4a90-ab9d-82c53a09a815.txt,Artwork,art & traditions
Artist Suffering From Anxiety Illustrates Mental Illnesses As Real Monsters,"From anxiety to depression to body dismorphic disorder, Toby Allen intended by this artwork particularly to give these intangible mental illnesses some substance and make them appear more manageable as physical entities.   	Anyone can write on Bored Panda.	Start writing!",http://www.boredpanda.com/mental-illnesses-illustrated-by-monsters-by-toby-allen/,95ab90a9-7aa2-4655-97ac-2bf879bbc135.txt,Artwork,art & traditions
Where to Buy Great Video Game Artwork,"I have a rule for my house: no more than a third of the artwork on my walls is allowed to be gaming-related. This rule fell apart pretty quickly when it became clear just how much beautiful video game artwork there is out there.       This post originally appeared on Kotaku UK, on July 24, 2014.",http://kotaku.com/where-to-buy-great-video-game-artwork-1609559519,aacd5c37-c9a4-47af-bdfb-3dcb2d0201d0.txt,Artwork,art & traditions
Why Cover Art Is More Important Than Ever,"Marked with nothing but a small piece of red tape over a jewel CD case, Yeezus' blank artwork was a fitting cover for a minimalist album.",http://pigeonsandplanes.com/in-depth/2017/04/should-we-still-care-about-cover-art,e20217e0-e5de-485c-b6bd-fb176a0d83eb.txt,Artwork,art & traditions
iTunes Artwork Finder,"This project started out as a simple tool for using the iTunes Search API to download 600x600px artwork for TV shows. However, it became a lot more popular than I expected and requests were made to add movie and iBook artwork.",https://bendodson.com/projects/itunes-artwork-finder/,4e3a1663-e15a-47d5-9df3-d4d04c6e5bd9.txt,Artwork,art & traditions
DIY Abstract Artwork Tutorial,I’m so so excited to tell you that I made it to the FINALS of the Apartment Therapy’s Homies (Best Home Project & DIY Blogs)!!! Woohoo! Thanks so much for voting. I so appreciate all your amazing support. Unfortunately I have to beg you again to vote.,http://www.cuckoo4design.com/2014/02/diy-abstract-artwork-tutorial.html,d5e000ed-03ec-4baa-846e-7ba4d32a1507.txt,Artwork,art & traditions
Examples of Artwork Labels,"There are a few questions I constantly receive, and one of the most common is how to label artworks in an exhibition. The truth is, there is no single standard format, though most labels include the same key elements.",https://thepracticalartworld.com/2014/06/18/examples-of-artwork-labels/,2c754f98-a889-4137-bf22-57bcf761e399.txt,Artwork,art & traditions
How to Create Pixel-Perfect Artwork Using Adobe Illustrator,"As a beginner, creating digital artwork intended for web use can sometimes get a bit frustrating, especially when you put a lot of time into a piece (be it an illustration, or maybe an icon), and then you suddenly realize that for some reason the final result didn’t come out all that crisp.",https://design.tutsplus.com/tutorials/how-to-create-pixel-perfect-artwork-using-adobe-illustrator--cms-23907,3927c5dd-7af3-4c16-be24-d59df96c0d91.txt,Artwork,art & traditions
"Elegant Dip Pen Illustrations Inside the Sketchbooks of Elena Limkinaby Christopher Jobson on August 7, 2017","Moscow-based illustrator Elena Limkina fills the pages of her sketchbooks with detailed Baroque-inspired drawings of architectural elements, anatomical studies, and flowing calligraphy. She refers to the books as her “artist’s diary” and indeed each page is practically an artwork unto itself.",http://www.thisiscolossal.com/2017/08/elegant-dip-pen-illustrations-inside-the-sketchbooks-of-elena-limkina/,2ee7c2c2-5887-4206-9d1e-99bc9e5065bb.txt,Artwork,art & traditions
Picking a Color Palette for Your Game's Artwork,"In this tutorial, we'll look at what color palettes are, tools for choosing colors that go together, and the secret to picking a perfect color scheme for our games!  The term color palette is used widely across many different industries of design.",https://gamedevelopment.tutsplus.com/articles/picking-a-color-palette-for-your-games-artwork--gamedev-1174,ef736559-b7e9-4c54-828b-a37d585e943c.txt,Artwork,art & traditions
Karo Swen - Pole Dance - ARTWORK 1 Tha Trickaz,"COPIES, CUTTING CREDITS, USING A PART OR ALL THE VIDEO FOR ADVERTISING OR WITH AN OTHER MUSIC ARE NOT ALLOWED WITHOUT ACCORDANCE.For events, videos/photos, sponsorship,... CONTACT : https://www.facebook.com/KaroSwenPole...MUSIC :THA TRICKAZ - MEGAPHONEhttps://www.facebook.com/ThaTrickaz?f...https://",https://www.youtube.com/watch?v=rCRP-5om_3Y,5bb59282-4db3-41f5-903f-93fa6088c831.txt,Artwork,art & traditions
How to edit drawings in Illustrator with Image Trace,"At any mention of Adobe Illustrator, images spring to mind of smooth lines, flat colour and vector style illustrations. Which is nice, of course... but a bit limiting. Artwork that is edited or created in Illustrator does not always have to have the same 'vector look'.",http://www.creativebloq.com/illustrator/edit-drawings-image-trace-5132576,d224abef-efbd-4e75-866c-079c8519ee91.txt,Artwork,art & traditions
society6 Seller's Guide – Society6,Selling your artwork as a product on Society6 is as simple as making a Post - except you make money from it. All you have to do is post your artwork to make it immediately available for sale as a variety of products.,https://help.society6.com/hc/en-us/articles/227119388,fa6586b5-22b9-4991-abd5-64d057931eaf.txt,Artwork,art & traditions
0xced/iOS-Artwork-Extractor,"In order to extract Retina Display @2x high resolution images, choose the Hardware > Device > iPhone 4 menu in the iPhone Simulator.  See instructions on the wiki to extract more artwork.",https://github.com/0xced/iOS-Artwork-Extractor,963a7a39-45b8-4f6d-9c0a-62e2a1a108a3.txt,Artwork,art & traditions
App Store Promotional Artwork: Tips & Sketch Template,"Every Thursday, around noon time PST, Apple refreshes the App Store featuring a new set of apps.  Clips was fortunate enough to be featured by Apple on a number of App Stores this week, coinciding with its launch. That, of course is the best thing that can happen to any developer.",http://blog.cleanshavenapps.com/app-store-promo-artwork-tips-and-sketch-template,0f2ae15c-6254-4388-96d0-058fdfb6fda5.txt,Artwork,art & traditions
21 Ways to Display Kids Artwork,"As parents, we are always looking for ways to display kids artwork—that mountain of creativity they draw, paint, collage at home and at school. Their artwork deserves a special display, but more often than not it ends up in a pile along with some good intentions.",https://artfulparent.com/2014/03/ways-to-display-kids-artwork.html,1a168238-95be-4a47-b107-a75ca43bad30.txt,Artwork,art & traditions
60 Creative Public Awareness Ads That Makes You Think,"You gotta admit that the world is ugly. Although World War II was more than 60 years ago, the world today is still filled with destruction, but in different forms such as deforestation, animal massacres and also the robbery of human rights.",http://www.hongkiat.com/blog/creative-public-awareness-ads/,2dd1cd28-4e9e-477f-8f9f-07552c3c5350.txt,Artwork,art & traditions
What Happens If You Break an Artwork?,"Nick Flynn tripped and damaged several Qing dynasty vases at Cambridge’s Fitzwilliam Museum in 2006. Photo: Steve Baxter, via the Telegraph.  It’s the nightmare of many who set foot in an art museum: You trip, lose your balance, and fall right into a priceless work of art. Crash.",https://www.artsy.net/article/artsy-editorial-break-artwork,3958fea3-fd53-4f5a-9d87-28d05f4b1e8a.txt,Artwork,art & traditions
How to Design and Vector a Set of Character Poses for a Video Game,"In this tutorial we will look at how to design a character for a video game, in this case a ""beat 'em up"". We will work from the very first sketch to the final artwork.",https://design.tutsplus.com/tutorials/how-to-design-and-vector-a-set-of-character-poses-for-a-video-game--vector-5920,a8fbd173-db45-452f-89be-0dc6cb48f2ed.txt,Artwork,art & traditions
Preparing Artwork for Screen Printing in Adobe Illustrator,"Getting t-shirts printed is an ideal way to promote your business, organization or event. They are a promotional item that people can actually use, and they have the added bonus of being an advertisement for you.",https://www.smashingmagazine.com/2010/12/preparing-artwork-for-screen-printing-in-adobe-illustrator/,5145f957-7913-471d-b77a-0ee1f3c03620.txt,Artwork,art & traditions
A CGI Master Made a New Artwork Every Day for 10 Years. Here Are The Results,"I'm relatively comfortable with commitment. I've been in a relationship for several years, I still have my email account from high school, etc.",https://creators.vice.com/en_us/article/beeple-cgi-master-10-years-everydays-results,ca082f05-25c0-4a43-8b09-dc4c22e8bc56.txt,Artwork,art & traditions
Challenge Yourself More Often By Creating Artwork Every Day,"Whether you’re into good ol’ drawing and painting, or quick editing in Photoshop or Illustrator, one thing’s for sure: they’re all creativity’s best friends. Some draw pictures all day1, while others find their inspiration in uncommon sources2 in order to break out of the box.",https://www.smashingmagazine.com/2017/07/challenge-yourself-more-often/,bb0bc7ed-8368-4421-9d30-f4ee933d2fde.txt,Artwork,art & traditions
Turn Your Photo into An Artwork,Have you ever wanted to do something a little different with your photographs? Not stop with the simple click of the shutter and turn it into an actual digital painting? That is what I am going to teach you in this article.,https://photographylife.com/turn-your-photo-into-artwork,755d4673-50e5-4f96-a182-fee0da1d6855.txt,Artwork,art & traditions
"How to Hang Artwork, Pictures and Wall Decor at the Perfect Height Everytime",One of the subtle little details that gives a home that designer look is properly hung artwork and wall decor.,http://www.decorateitonline.com/blog/2010/09/how-to-hang-artwork-pictures-and-wall-decor-like-a-decorator/,875fc1a1-e99d-47d5-99a1-0be9ea1e6074.txt,Artwork,art & traditions
The Art of Copy Work: Photographing Artwork Accurately Without Glare,"Today’s guest post is part 2 of a series of tutorials on how to light reflective subjects and surfaces from BorrowLenses.com. Alex Huff is a staff photographer and copywriter for BorrowLenses and has photographed for Sotheby’s, Google, X-Games, and more.",https://news.smugmug.com/the-art-of-copy-work-photographing-artwork-accurately-without-glare-80208e717304,fb7db240-bef5-474e-8c00-0c9e0645ea36.txt,Artwork,art & traditions
16 Things You Can Do Today to Get Your Artwork Noticed,"Note: Once you’ve finished here, why not checkout the follow-up post on my art blog – 10 More Things You Can Do to Get Your Artwork Noticed.",http://rightbrainrockstar.com/general-advice/16-things-you-can-do-today-to-get-your-artwork-noticed/,693e6312-78d8-4b86-bc67-61208826430d.txt,Artwork,art & traditions
The Importance of Artwork in Estate Planning,"Artist David Dory is quoted as saying, “To own a piece of work done by an Artist is to possess one of their facets, one of the windows of their life.” People collect art for a variety of reasons. For some, it is a hobby, for others, it is simply to decorate their homes.",http://tompkins-law.com/the-importance-of-artwork-in-estate-planning/,5222e025-0161-40ca-b3d7-f8f0c68bc1b3.txt,Artwork,art & traditions
Design Vintage Artwork with Old Newspaper and Watercolor Brush in Photoshop,"In this tutorial, I will show you the steps I took to Design this Watercolour Vintage Artwork with Old Newspaper in Photoshop.  Along the way, I will show you how to mix custom watercolour brushes and old newspaper to create vintage feel in Photoshop.",http://www.psdvault.com/photo-effect/design-vintage-artwork-with-old-newspaper-and-watercolor-brush-in-photoshop/,be2a5b74-63ba-4b9d-9753-4cc66cba49dd.txt,Artwork,art & traditions
Design Tip : Never Use Black by Ian Storm Taylor,"One of the most important color tricks I’ve ever learned was to avoid using the color black in my work. Mrs. Zamula, my childhood art teacher, first warned me about black when I was in middle school. And I heard the same again multiple times at RISD.",http://ianstormtaylor.com/design-tip-never-use-black/,9713871b-7870-4489-9698-a593cc3b2097.txt,Artwork,art & traditions
"I Found My Life’s Path, Which Was A Splash Of Paint Away","This is my artwork. Although, I would not call it work. This is what I want to do, what I have to do in life. This is the path I found, or the path that found me, one which I’ve never been able to stray from since.   	Anyone can write on Bored Panda.	Start writing!",http://www.boredpanda.com/inner-pathways/,643cbef3-cb2f-4226-b0e8-d9af478d58fb.txt,Artwork,art & traditions
The Best Way to Create SVGs from Existing Artwork,"I feel like SVG should be 'our thing' in 2016. In purely technical terms, we know how to make it work in most modern browsers.  It's also ridiculously well-suited to the web, giving us tiny file-size, crisp edges and almost infinite scalability. In fact, Google has been indexing SVGs since 2010.",https://www.sitepoint.com/create-svgs-from-existing-artwork/,c29372d3-f813-48f3-9549-b805b16b29be.txt,Artwork,art & traditions
Beginner Illustrator Tutorial: Cute Baby Style Artwork,"My wife and I are expecting a baby girl in a few months so our house is slowly filling up with everything cute and pink! Seeing the style of art used on the items we’ve collected for the nursery gave me a great idea for a beginner’s Illustrator tutorial, showing how stylish illustrations can be",http://blog.spoongraphics.co.uk/tutorials/beginner-illustrator-tutorial-cute-baby-style-artwork,62c1245e-bafd-4bda-bdbd-37deb76ec8ea.txt,Artwork,art & traditions
How To Label Artwork in an Exhibition,"Once you’ve hung artwork for an exhibition, how are you going to pass on the details of the works to visitors? There are several different options for labeling your work in this setting, though each should let visitors know:",https://thepracticalartworld.com/2011/05/18/how-to-label-artwork-in-an-exhibition/,56b825f4-0fe2-4e87-98c0-2f2f05f4e723.txt,Artwork,art & traditions
The market for computer-created artwork is growing,"LONDON — Is digital art the next big thing in the contemporary art world?  At the moment, the market for art that’s created and displayed on a screen — as distinct from paintings, prints and photos that are generated digitally and then printed — is small.",https://www.nytimes.com/2014/06/02/arts/international/on-screen-and-on-the-block-digital-artwork.html,f584b554-7b72-479e-a745-2949bcf3ce2e.txt,Artwork,art & traditions
Welcome to Artist Bootcamp: How To Make Money Selling Your Artwork Online,"Make money selling your artwork online! Welcome to the Society6 Artist Bootcamp. This is an educational series aimed to boost your sales and confidence with smart, practical and totally doable business-building tactics. Don’t just take it from me though.",https://blog.society6.com/welcome-artist-bootcamp-make-money-selling-artwork-online/,c2681e73-3b67-40fe-8793-fc186397c89f.txt,Artwork,art & traditions
The Ultimate Guide to Learning how to use Your first DSLR,"If you’ve bought yourself a DSLR and, after unpacking it from the box, you are intimidated by the number of buttons and dials, and by the thickness of the manual, it can be very tempting to put the manual down, flick it onto ‘Auto’ and start shooting.",https://digital-photography-school.com/megapost-learning-how-to-use-your-first-dslr/,c085e8b1-9707-40c8-a026-29f438b2f9ed.txt,Artwork,art & traditions
Tips to Best Copyright & Protect Your Artwork on the Internet,"Art Law. It’s not really a fun topic of conversation for the average artist, but it is important. Nowadays, most artists and creatives have some kind of presence on the Internet, whether it’s through their website, blog, Facebook or other social media channels.",http://www.finearttips.com/2011/02/tips-to-best-copyright-protect-your-artwork/,48e9faa2-4206-4e2b-8e19-ea70b4a53daf.txt,Artwork,art & traditions
Timeless Advice on Writing: The Collected Wisdom of Great Writers,"By popular demand, I’ve put together a periodically updated reading list of all the famous advice on writing presented here over the years, featuring words of wisdom from such masters of the craft as Kurt Vonnegut, Susan Sontag, Henry Miller, Stephen King, F.",https://www.brainpickings.org/2013/05/03/advice-on-writing/,0438f7c7-2c41-443e-b1ee-c8dd0930e240.txt,Artwork,art & traditions
25 Examples of Brand Identity Design Done Right,"Identity branding is an intergral part of business. After all, you have make sure that you can market yourself properly. It’s not always easy trying to come up with a design that suits your needs.",http://www.hongkiat.com/blog/identity-branding-design-part-2/,847d24a4-fad2-4896-9379-2f334359e552.txt,Artwork,art & traditions
40 Absolutely Brilliant Billboard Ads!,"How many billboards did you take a look during your walk or driving in your life? I’m sorry that I can’t remember many of them, but I sincerely believe that it’s not my problem, as the billboard itself should be great enough to attract me!",http://www.hongkiat.com/blog/brilliant-creative-billboard-advertisements/,25632db4-343a-44e8-ae64-d4afc2c17e81.txt,Artwork,art & traditions
20 Most Creative Wedding Invitation Ideas Ever,"The season is here and you probably have received a wedding invite or two a couple of months back. A lot of work goes into the preparation for a wedding ceremony and while some wedding invitations are printed or handwritten, they carry a personal touch.",http://www.hongkiat.com/blog/most-creative-wedding-invitations/,788ee39a-073c-4717-9ee3-b7265faf8c58.txt,Artwork,art & traditions
The future of Adobe creative applications on Microsoft devices,What could your creative future look like? http://www.adobe.com/creativecloud.html,http://www.youtube.com/watch?v=PlLR9ANGsOo&feature=youtu.be,f45b6bb3-49d8-4683-b60b-f2b202c4ef24.txt,Artwork,art & traditions
10 Ridiculously Simple Steps for Writing a Book,"Writing is easy. All you have to do is cross out the wrong words.  –Mark Twain  The hard part of writing a book isn’t getting it published. With more opportunities than ever to become an author, the hard part is the actual writing.",https://goinswriter.com/tips-writing-book/,5a1e0852-720c-4233-b0c8-c1359ad50d0b.txt,Artwork,art & traditions
InGraphs: Monitoring and Unexpected Artwork,"This inGraph shows latencies from one service to another as reported by the client in three different data centers: one on the West Coast (U.S.), one on the East Coast, and one (roughly) in the middle of the country. A key that might be handy for reference:",https://engineering.linkedin.com/blog/2017/08/ingraphs--monitoring-and-unexpected-artwork,f19d5b38-929f-4c78-ad94-d45a03609096.txt,Artwork,art & traditions
50 Absolutely Stunning 3D Street Art (Paintings),"3d Street Art, often known as 3d chalk art is 2-dimensional artwork drawn on the street itself that gives you a 3-dimensional optical illusion from a certain perspective. It can be very breathtaking, realistic and at the same time captivating once you get the angle correct.",http://www.hongkiat.com/blog/absolutely-stunning-3d-street-art-paintings/,96652f1d-b188-4857-813b-f2194e77e961.txt,Artwork,art & traditions
Liberals Are Killing Art,"Do more and more liberals find the emotions unleashed by the arts—I mean all of the arts, from poetry to painting to dance—something of an embarrassment? Are the liberal-spirited people who support a rational public policy—a social safety net, consistency and efficiency in foreign affairs, ste",https://newrepublic.com/article/118958/liberals-are-killing-art-insisting-its-always-political,96194203-bb85-462f-8df2-a14daf571752.txt,Artwork,art & traditions
Google launches a virtual reality artwork gallery on the web,Google’s virtual reality sketching/painting/modeling Tilt Brush program has amassed a following amongst novice VR users as well as artists looking to explore virtual reality as a new medium.,https://techcrunch.com/2017/04/27/google-launches-a-virtual-reality-artwork-gallery-on-the-web/,a2a30db9-bb20-4d65-89e7-aea5bcdeef04.txt,Artwork,art & traditions
How the Original Star Wars Trilogy Fooled Everyone With Matte Paintings,"Before the computing era, ILM was the master of oil matte painting, making audiences believe that some of the sets in the original Star Wars and Indiana Jones trilogy were real when they weren’t.",http://sploid.gizmodo.com/the-amazing-matte-paintings-from-star-wars-and-their-cr-1680372651,bb8df206-5e3a-4fc0-9837-7272ab6b5dcb.txt,Artwork,art & traditions
iTunes & AppleScript Basics 1 2 3,Here's a simple primer on using AppleScript with iTunes. You'll need to launch the AppleScript Editor app which is located in your /Applications/Utilities/ folder.,http://dougscripts.com/itunes/itinfo/info01.php,8b22f51d-d6db-49f7-9a65-84233a926e71.txt,Artwork,art & traditions
The Daily Routines of 12 Famous Writers,"How many people die with their best work still inside them?  We often assume that great things are done by those who were blessed with natural talent, genius, and skill.",http://jamesclear.com/daily-routines-writers,13dc7c5f-0915-4545-9ef7-cc20a796961d.txt,Artwork,art & traditions
Download All 36 of Jan Vermeer's Beautifully Rare Paintings (Most in Stunning High Resolution) Open Culture,"Imagine the scene: you uncover a painting stored away in the closet of an elderly relative’s home, coated in a blanket of dust so thick you can hardly make out anything but more dust underneath. You slide it out, begin to carefully brush it off, and find two piercing eyes peering out at you.",http://www.openculture.com/2016/02/download-all-36-of-jan-vermeers-beautifully-rare-paintings-many-in-stunning-high-resolution.html,cea4ccbe-c9f0-47a3-85ad-b2699454efcd.txt,Artwork,art & traditions
Meet the Hero Designer Who Publicly Shamed Showtime for Asking Him to Work for Free,"When Showtime invited Dan Cassaro to join a design ""contest"" he felt amounted to milking professionals for free work, he let the network—and the world—know how he felt about it.",http://www.adweek.com/creativity/meet-hero-designer-who-publicly-shamed-showtime-asking-him-work-free-159579/,c3918b69-5132-42be-b316-bcc258375dba.txt,Artwork,art & traditions
How To Draw Like Disney's Best Animators,"​Back in the early '80s, Disney animators Ollie Johnston and Frank Thomas literally wrote the book on life-like animation. It drew its inspiration of the work of Disney's leading animators, mainly the so-called 'Nine Old Men' who produced much of the early animations.",http://digg.com/2015/12-principles-animation-ollie-johnston-frank-thomas-alan-becker,18f76d25-0dcb-40bc-b5eb-2666a6c19a00.txt,Artwork,art & traditions
The designer's guide to printing a poster,Taking digital designs to the real world can be fraught with gotchas and gremlins along the way. We’re oh-so-used to the world being digital that we’ve mostly forgotten how to prep our work for poster printing.,http://www.creativebloq.com/print-design/how-to-print-a-poster-12121447,1f9d0ee5-ab3e-4548-852e-253de5095d49.txt,Artwork,art & traditions
How To Create Artwork with Illustrator’s Blend Tool,"With Adobe Illustrator CC’s Blend tool, it’s easy to turn two simple lines into a minimalistic yet intricate vector illustration.  Step 1: Begin by drawing a petal that consists of two parts. From Illustrator's Toolbar, select the Pen tool and draw two base lines.",http://create.adobe.com/2017/3/22/simple_yet_stunning_how_to_create_artwork_with_illustrator_s_blend_tool.html,ed0ef463-5b43-4490-988e-2925b8438970.txt,Artwork,art & traditions
"Making textureless 3D work, a how-to/making of guide.","After requests from other devs for my shadercode, I've decided to share both the shader files as well as make a how-to guide, for creating textureless 3D assets, and shading them inside Unity3D.  This is that how-to guide.  It's also available at Blog.littlechicken.nl",http://www.gamasutra.com/blogs/TomasSala/20140206/210238/Making_textureless_3D_work_a_howtomaking_of_guide.php,519c4492-1e02-4ba8-a1db-d4a65b86241e.txt,Artwork,art & traditions
How to make great podcast cover art – TAP191,Podcast cover art is often a potential subscriber's first impression of your podcast. Here are the technical specs and ten elements of great podcast artwork.  UPDATED 9-24-2014: The following has been revised in accordance with Apple's latest specifications.,https://theaudacitytopodcast.com/how-to-make-great-podcast-cover-art-tap191/,0d176598-0e6a-40ed-9f98-5922fbbf1c27.txt,Artwork,art & traditions
"Y Combinator-backed VIDA turns artwork into fashion, accessories and more","VIDA, an e-commerce startup that allows artists to upload their designs to be printed on real-world materials – like fabric, leather, metal and more – which are then sold as unique products, has grown its community of artists to over 100,000 members since its launch a few years ago.",https://techcrunch.com/2017/08/18/y-combinator-backed-vida-turns-artwork-into-fashion-accessories-and-more/,28a555b7-86e7-443b-ad5d-c510e0d97bce.txt,Artwork,art & traditions
The Biggest Misconception About Today’s College Students,"You might think the typical college student lives in a state of bliss, spending each day moving among classes, parties and extracurricular activities. But the reality is that an increasingly small population of undergraduates enjoys that kind of life.",https://www.nytimes.com/2017/08/28/opinion/community-college-misconception.html,efe36122-c094-40cb-a513-4959be28adc4.txt,Traditions,art & traditions
Namibia's Himba people caught between traditions and modernity,"Having survived genocide by German troops in the 1900s, Namibia's Himba people are now facing a bigger threat to their way of life - encroaching modernity.  Little has changed in Omuhoro village for generations - people live off the land and are closed off from the rest of the world.",http://www.bbc.co.uk/news/world-africa-40247310,ed3d255c-1ffa-4d2b-84d8-f156d48028ce.txt,Traditions,art & traditions
Faith and Football: At the Intersection of Two of the South’s Most Entangled Traditions,Welcome to The South Week at The Ringer. We’re celebrating — and reporting on — the richness of the region.,https://www.theringer.com/2017/8/30/16222990/south-week-faith-and-college-football-texas-tech-bobby-dagnel-chaplain,4eccc09d-da67-4797-92fb-0cfe53486343.txt,Traditions,art & traditions
"Even With Affirmative Action, Blacks and Hispanics Are More Underrepresented at Top Colleges Than 35 Years Ago",How much more or less each group is represented among freshmen at top colleges relative to the U.S. population   How much more or less each group is represented among freshmen at top colleges relative to the U.S. population,https://www.nytimes.com/interactive/2017/08/24/us/affirmative-action.html,33b9b68c-eaed-4734-a0af-e2a8f331f5b7.txt,Traditions,art & traditions
Namibia's Himba people caught between traditions and modernity,"Having survived genocide by German troops in the 1900s, Namibia's Himba people are now facing a bigger threat to their way of life - encroaching modernity.  Little has changed in Omuhoro village for generations - people live off the land and are closed off from the rest of the world.",http://www.bbc.com/news/world-africa-40247310,30b7abd5-9c3c-4aca-8629-c9f355496581.txt,Traditions,art & traditions
60+ Family Tradition Ideas,"Last week we published an article that discussed why and how to establish family traditions. Traditions offer numerous benefits: they strengthen your family’s bonds, enrich the life you share together, contribute to your children’s well-being, and create lasting memories.",http://www.artofmanliness.com/2013/10/16/60-family-tradition-ideas/,1d9bbcc9-6c2a-4b78-8673-664bd824aaa9.txt,Traditions,art & traditions
Three Types of Traditions Every Family Should Have,"Your family probably has big traditions for things like holidays, but daily and weekly traditions can be just as useful for keeping your family tight. Meg Cox, author of The Book of New Family Traditions, recommends three types of traditions every family should have.",http://lifehacker.com/three-types-of-traditions-every-family-should-have-1646706369,b773794a-86eb-4136-9073-5a653d055392.txt,Traditions,art & traditions
20 Amazing Scientific Reasons Behind Hindu Traditions,"In Hindu culture, people greet each other by joining their palms – termed as “Namaskar.” The general reason behind this tradition is that greeting by joining both the palms means respect.",http://desinema.com/hindu-traditions-scientific-reasons/,ed224163-d102-402c-bb03-74e8a06bfd4b.txt,Traditions,art & traditions
21 Lost Gentleman Traditions That Still Apply Today,"Note: This is an article about lost gentleman traditions: honor, respect, courtesy, and manners. It’s for men, by a man.   Chivalry IS, in fact, dead when men no longer understand the meaning behind a chivalrous action.",http://goodguyswag.com/21-lost-gentleman-traditions-that-still-apply-today/,41ffe658-50e9-4563-b446-a228d88d2631.txt,Traditions,art & traditions
21 Lost Lady Traditions That Still Apply Today,"Acting like a lady is carrying yourself with dignity, which also empowers a man to be a gentleman.  Many of us want a true gentleman, but I believe we hold the power to the way we are treated in our hands.",http://sheismore.com/21-lost-lady-traditions-that-still-apply-today/,62d9241d-91c9-4764-b3a2-bb010e93a0e7.txt,Traditions,art & traditions
What Would Happen If We Just Gave People Money?,"Daniel Straub remembers the night he got hooked on basic income. He had invited Götz Werner, a billionaire owner of a German drugstore chain, to give an independent talk in Zurich, where Straub was working as a project manager for a think tank.",https://fivethirtyeight.com/features/universal-basic-income/,7ad6d591-de94-471c-9db8-0c65d8872300.txt,Traditions,art & traditions
The Increasing Significance of the Decline of Men,"At one end of the scale, men continue to dominate.  In 2016, 95.8 percent of Fortune 500 CEOs were male and so were 348 of the Forbes 400. Of the 260 people on the Forbes list described as “self-made,” 250 were men.",https://www.nytimes.com/2017/03/16/opinion/the-increasing-significance-of-the-decline-of-men.html,63957715-ddd8-4d96-a6a9-bcb5a49d3339.txt,Traditions,art & traditions
Library of World Religions and Faith Traditions,"Written by the world's leading authorities on religion and spirituality, the Patheos Library offers the most accurate and balanced information available on the web.  In the column below, 50 major religious traditions are listed.",http://www.patheos.com/Library,84599b2a-4423-493e-80d9-f38efd85af22.txt,Traditions,art & traditions
10 Strange Stories About Our Odd Holiday Traditions And Beliefs,"Even though we think of traditions as customs that never change, nothing could be further from the truth. In some cases, we should be glad we don’t celebrate like our ancestors did. In other cases, we’re lucky to have our traditions at all.",http://listverse.com/2015/10/19/10-strange-stories-about-our-odd-holiday-traditions-and-beliefs/,f998ef0f-5f8e-451c-aa5d-7bf00ffae6ab.txt,Traditions,art & traditions
3 TVs and No Food: Growing Up Poor in America,"The presidential candidates should be talking about poverty. Here’s why.                               Nicholas Kristof                         OCT. 28, 2016",https://www.nytimes.com/2016/10/30/opinion/sunday/3-tvs-and-no-food-growing-up-poor-in-america.html,615f68f3-145a-48a4-bdf2-c1be095fd6ee.txt,Traditions,art & traditions
Most Americans Aren’t Middle Class Anymore,Presidential hopefuls from both parties have been saying throughout the primary campaign that the American middle class is in trouble. Bernie Sanders says it is in the midst of “a 40-year decline.” Jeb Bush says it is “shrinking.” Ted Cruz says it is “headed in the wrong direction.,https://fivethirtyeight.com/features/most-americans-arent-middle-class-anymore/,7085d4f1-b498-4780-ae9b-ac6fc8999e63.txt,Traditions,art & traditions
Why Are White Death Rates Rising?,"IT’S disturbing and puzzling news: Death rates are rising for white, less-educated Americans. The economists Anne Case and Angus Deaton reported in December that rates have been climbing since 1999 for non-Hispanic whites age 45 to 54, with the largest increase occurring among the least educated.",https://www.nytimes.com/2016/02/22/opinion/why-are-white-death-rates-rising.html,e0da85e7-4557-4452-90ad-54848b7d87b2.txt,Traditions,art & traditions
Republican Men Say It’s a Better Time to Be a Woman Than a Man,"To be a woman in the United States is to feel unequal, despite great strides in gender equality, according to a wide-ranging poll about gender in postelection America released Tuesday. It’s catcalls on the street, disrespect at work and unbalanced responsibilities at home.",https://www.nytimes.com/2017/01/17/upshot/republican-men-say-its-a-better-time-to-be-a-woman-than-a-man.html,9c85fe50-054f-4f19-a90d-0cf3183a546a.txt,Traditions,art & traditions
"Our Broken Economy, in One Simple Chart","The poor and middle class used to see the largest income growth.  Note: Inflation-adjusted annual average growth using income after taxes, transfers and non-cash benefits.",https://www.nytimes.com/interactive/2017/08/07/opinion/leonhardt-income-inequality.html,30e81371-1173-40ce-b60c-471396e7e4cd.txt,Traditions,art & traditions
An American in a Strange Land,"I heard it often, traveling around Europe as a journalist. I even heard it from an immigration officer at Gatwick Airport outside London, who teased me as he looked at my passport.",https://www.nytimes.com/2016/11/06/magazine/an-american-in-a-strange-land.html,6d6bf319-6bf8-4cea-a623-03f812b76441.txt,Traditions,art & traditions
What Kids Around the World Eat for Breakfast,"Americans tend to lack imagination when it comes to breakfast. The vast majority of us, surveys say, start our days with cold cereal — and those of us with children are more likely to buy the kinds with the most sugar.",https://www.nytimes.com/interactive/2014/10/08/magazine/eaters-all-over.html,608d96e8-b4a3-45fe-90b2-d37a9a027329.txt,Traditions,art & traditions
Why I’m Moving Home,"COLUMBUS, Ohio — In recent months, I’ve frequently found myself in places hit hard by manufacturing job losses, speaking to people affected in various ways.",https://www.nytimes.com/2017/03/16/opinion/why-im-moving-home.html,d792932d-d163-4f86-8ce3-979a28c75e89.txt,Traditions,art & traditions
Is It Better to Be Poor in Bangladesh or the Mississippi Delta?,"The Nobel laureate Angus Deaton discusses extreme poverty, opioid addiction, Trump voters, robots, and rent-seeking.  Angus Deaton studies the grand questions not just of economics but of life.",https://www.theatlantic.com/business/archive/2017/03/angus-deaton-qa/518880/,292bbc31-6ba4-44dc-a1cb-fbba6a953a43.txt,Traditions,art & traditions
"In an Age of Privilege, Not Everyone Is in the Same Boat","MIAMI — Behind a locked door aboard Norwegian Cruise Line’s newest ship is a world most of the vessel’s 4,200 passengers will never see. And that is exactly the point.",https://www.nytimes.com/2016/04/24/business/economy/velvet-rope-economy.html,e2f2aaa4-1ff0-493a-899c-6d6011e8c300.txt,Traditions,art & traditions
Our Miserable 21st Century,"O n the morning of November 9, 2016, America’s elite—its talking and deciding classes—woke up to a country they did not know.",https://www.commentarymagazine.com/articles/our-miserable-21st-century/,56cc482d-2388-4a10-af2e-e49ff2cda2e2.txt,Traditions,art & traditions
Semper Virilis: A Roadmap to Manhood in the 21st Century,"Note: What you will find below is not so much a long blog post, but a short ebook; approach it as such. At over 20k words, it will probably take an hour or two to read, and surely even longer to process.",http://www.artofmanliness.com/2014/06/09/semper-virilis-a-roadmap-to-manhood-in-the-21st-century/,91a222d9-014e-4b7f-b1c8-b325fa653062.txt,Traditions,art & traditions
"How Ignorant Enforcers Are Trampling Over India’s Artistic, Cultural and Religious Traditions","Will Hindutva erase the eclectic, liberal and uninhibited legacy of Hinduism?  We are living in very strange and very dark times. Majoritarian communalism masquerading as nationalism is trying to impose its ideological hegemony and browbeat others into submission.",https://thewire.in/130488/ignorant-enforcers-trampling-indias-artistic-cultural-religious-traditions/,9657fa23-d0fc-4cdb-a5ad-6c08b40bdae0.txt,Traditions,art & traditions
Keep Your House in Tip-Top Shape: An Incredibly Handy Home Maintenance Checklist,"Update: One of our commenters, Brandon Beeson, was kind enough to put this into a Google Doc as a checklist. Click here to access that document. Feel free to print and use as needed! Thanks Brandon!  When buying a home, most people probably first think of the financial responsibility.",http://www.artofmanliness.com/2013/10/08/keep-your-house-in-tip-top-shape-an-incredibly-handy-home-maintenance-checklist/,8d83c3a9-4bd8-4ba9-96e5-21635e6007a0.txt,Traditions,art & traditions
How the Other Fifth Lives,"For years now, people have been talking about the insulated world of the top 1 percent of Americans, but the top 20 percent of the income distribution is also steadily separating itself — by geography and by education as well as by income.",https://www.nytimes.com/2016/04/27/opinion/campaign-stops/how-the-other-fifth-lives.html,95efc6c8-f690-411c-8131-3095bfd7dbcf.txt,Traditions,art & traditions
"The Rich Live Longer Everywhere. For the Poor, Geography Matters.","For poor Americans, the place they call home can be a matter of life or death.  The poor in some cities — big ones like New York and Los Angeles, and also quite a few smaller ones like Birmingham, Ala.",https://www.nytimes.com/interactive/2016/04/11/upshot/for-the-poor-geography-is-life-and-death.html,e7bb43e9-0362-441b-98e5-3e646b8fbebc.txt,Traditions,art & traditions
Why people prefer unequal societies,"There is immense concern about economic inequality, both among the scholarly community and in the general public, and many insist that equality is an important social goal. However, when people are asked about the ideal distribution of wealth in their country, they actually prefer unequal societies.",https://www.nature.com/articles/s41562-017-0082,87645679-5de8-45be-892c-ee4a3c00a5c6.txt,Traditions,art & traditions
The Marriages of Power Couples Reinforce Income Inequality,"The notion of “making a good match,” a staple of the writings of Jane Austen and Henry James, continues in contemporary romance novels. At the same time, income inequality commands increasing attention from economists.",https://www.nytimes.com/2015/12/27/upshot/marriages-of-power-couples-reinforce-income-inequality.html,6396a6d7-5bd5-4ed9-8e56-bba1e110208b.txt,Traditions,art & traditions
"Equality in Marriages Grows, and So Does Class Divide",For men and women age 25-54.  Analysis compiled using the Current Population Survey from ipums.org at the  University of Minnesota Population Center.,https://www.nytimes.com/2016/02/23/upshot/rise-in-marriages-of-equals-and-in-division-by-class.html,4d10d267-2f2a-4d82-ae6f-73962a414da3.txt,Traditions,art & traditions
The Gender Pay Gap Is Largely Because of Motherhood,"When men and women finish school and start working, they’re paid pretty much equally. But a gender pay gap soon appears, and it grows significantly over the next two decades.  So what changes? The answer can be found by looking at when the pay gap widens most sharply.",https://www.nytimes.com/2017/05/13/upshot/the-gender-pay-gap-is-largely-because-of-motherhood.html,6cf47c0e-2db4-4849-9995-6b1f8ea39d92.txt,Traditions,art & traditions
Evangelical Protestants Moving to Liturgical and Sacramental Traditions,My past few weeks have been enriching in a way I never could have anticipated. I mentioned at the end of my last post that I would be sharing my thoughts on the ecclesiological and theological investigation I have felt the Holy Spirit calling me to undertake.,https://hcchristian.wordpress.com/2015/12/21/evangelical-protestants-moving-to-liturgical-and-sacramental-traditions/,8af77ef5-586d-46ec-9450-bfb320cc27fc.txt,Traditions,art & traditions
"Supply-Side Economics, but for Liberals","The social safety net is forever at risk of becoming a hammock, to use House Speaker Paul D. Ryan’s memorable metaphor.  That, anyway, is an operating assumption behind much of the discussion of social welfare programs.",https://www.nytimes.com/2017/04/15/upshot/supply-side-economics-but-for-liberals.html,974f7268-8e98-462f-a234-6f53b41f5508.txt,Traditions,art & traditions
"Middle Class Contracted in U.S. Over 2 Decades, Study Finds","Mike McCabe’s neighbors in rural Gillespie, Ill., consider him lucky. After being out of work for a year, he landed a job in January making cardboard boxes at a nearby Georgia-Pacific plant for $19.60 an hour.",https://www.nytimes.com/2017/04/24/business/economy/middle-class-united-states-europe-pew.html,19f21c7a-bdb9-4d96-b97f-6070b1988ade.txt,Traditions,art & traditions
The Truth About Krampus,"Thanks to the internet, popular American understanding of European Christmas traditions has grown by leaps and bounds over the last decades. There’s also confusion too, some of it swirling around that wily old devil, Krampus.  Accompanying St.",http://www.atlasobscura.com/articles/the-truth-about-krampus,0045dbf4-ed3b-4476-b7e0-d4a4a478a7ea.txt,Traditions,art & traditions
The National Death Wish,"In a press conference, Cotton offered a rationale for his bill. “There’s no denying this generation-long surge in low-skilled immigration has hurt blue-collar wages,” he said.",https://www.nytimes.com/2017/02/24/opinion/the-national-death-wish.html,eb68c198-fe52-4b2c-8844-8e78ccc9d917.txt,Traditions,art & traditions
"Cleaving to the Medieval, Journeymen Ply Their Trades in Europe","They hitchhike across Europe, instantly recognizable in the wide-bottomed, corduroy trousers, white shirts and colored jackets that identify them as bricklayers, bakers, carpenters, stonemasons and roofers.",https://www.nytimes.com/2017/08/07/world/europe/europe-journeymen.html,ae81a289-3e44-4af5-9a49-615e7eb7a948.txt,Traditions,art & traditions
Rethinking College Admissions,"Over recent years there’s been a steady escalation of concern about the admissions process at the most revered, selective American colleges. And little by little, those colleges have made tweaks.  But I get the thrilling sense that something bigger is about to give.",https://www.nytimes.com/2016/01/20/opinion/rethinking-college-admissions.html,7f61f34b-2a07-45aa-99f9-d65d9c870adb.txt,Traditions,art & traditions
America’s Great Working-Class Colleges,"The heyday of the colleges that serve America’s working class can often feel very long ago. It harks back to the mid-20th century, when City College of New York cost only a few hundred dollars a year and was known as the “Harvard of the proletariat.",https://www.nytimes.com/2017/01/18/opinion/sunday/americas-great-working-class-colleges.html,3be8f1da-2bcd-4fc0-8f47-feee0f07ea3d.txt,Traditions,art & traditions
"Rich Kids Stay Rich, Poor Kids Stay Poor","On Friday, a team of researchers led by Stanford economist Raj Chetty released a paper on how growing up in poverty affects boys and girls differently.",https://fivethirtyeight.com/features/rich-kids-stay-rich-poor-kids-stay-poor/,d54c867e-23e5-4ed7-aae9-af91da1ebba7.txt,Traditions,art & traditions
The Christmas Revolution,"BECAUSE the Christmas story has been told so often for so long, it’s easy even for Christians to forget how revolutionary Jesus’ birth was. The idea that God would become human and dwell among us, in circumstances both humble and humiliating, shattered previous assumptions.",https://www.nytimes.com/2015/12/25/opinion/the-christmas-revolution.html,209d962c-bd6f-483b-917c-0d692e8d507f.txt,Traditions,art & traditions
Disparity in Life Spans of the Rich and the Poor Is Growing,"Experts have long known that rich people generally live longer than poor people. But a growing body of data shows a more disturbing pattern: Despite big advances in medicine, technology and education, the longevity gap between high-income and low-income Americans has been widening sharply.",https://www.nytimes.com/2016/02/13/health/disparity-in-life-spans-of-the-rich-and-the-poor-is-growing.html,3678593a-6531-4119-a07a-4dbeb78b5961.txt,Traditions,art & traditions
How Fear of Falling Explains the Love of Trump,"I have written before about the fear of falling down the socioeconomic ladder, the fear of an irremediable loss of status, authority and prestige — and the desperate need to be rescued from this fate.",https://www.nytimes.com/2017/07/20/opinion/how-fear-of-falling-explains-the-love-of-trump.html,3d3c6e2b-799a-4af1-9406-5ce59dd3a46e.txt,Traditions,art & traditions
The Cost of Relativism,"One of America’s leading political scientists, Robert Putnam, has just come out with a book called “Our Kids” about the growing chasm between those who live in college-educated America and those who live in high-school-educated America.",https://www.nytimes.com/2015/03/10/opinion/david-brooks-the-cost-of-relativism.html,67f96a8a-61f5-4ebe-92f2-168f6556d6a6.txt,Traditions,art & traditions
What’s Left of Communism,"Oxford, England — “Ura! Ura! Ura!” I vividly remember the wall of sound as stern, gray-uniformed soldiers met their commander’s greeting: “Congratulations on the 70th anniversary of the Great October Socialist Revolution!”",https://www.nytimes.com/2017/02/24/opinion/sunday/whats-left-of-communism.html,658ae466-3aa0-4fdb-8eca-5859244b7b60.txt,Traditions,art & traditions
The Transformation of the ‘American Dream’,"They are ringing words, but what do they mean? Language is important, but it can be slippery. Consider that the phrase, the American Dream, has changed radically through the years.  Mr.",https://www.nytimes.com/2017/08/04/upshot/the-transformation-of-the-american-dream.html,ac588b58-ff36-4bd7-a507-b170f07ac471.txt,Traditions,art & traditions
"The Formula for a Richer World? Equality, Liberty, Justice","The world is rich and will become still richer. Quit worrying.  Not all of us are rich yet, of course. A billion or so people on the planet drag along on the equivalent of $3 a day or less. But as recently as 1800, almost everybody did.",https://www.nytimes.com/2016/09/04/upshot/the-formula-for-a-richer-world-equality-liberty-justice.html,c646c059-959a-4482-8e91-f362915496a6.txt,Traditions,art & traditions
‘Superstar Firms’ May Have Shrunk Workers’ Share of Income,For much of the last century it seemed that the slice of the total economic pie going to workers was — like the speed of light — constant.,https://www.nytimes.com/2017/03/08/business/economy/labor-share-economic-output.html,f6d2814f-b0a0-4366-b24a-a37fae0af04a.txt,Traditions,art & traditions
China’s New Tool for Social Control: A Credit Rating for Everything,"HANGZHOU, China—Swiping her son’s half-fare student card through the turnstile here one Monday afternoon, Chen Li earned herself a $6 fine and a reprimand from a subway-station inspector for not paying the adult fare.  A notice on a post nearby suggested more-dire consequences.",http://www.wsj.com/articles/chinas-new-tool-for-social-control-a-credit-rating-for-everything-1480351590,3ddaef3b-9e49-41ce-9800-a8d8ba938cb8.txt,Traditions,art & traditions
Growing Up in a Bad Neighborhood Does More Harm Than We Thought,"The neighborhood in which you grow up is a major determinant of your economic success as an adult. That’s been known for a while, but new research suggests that the effects may be much larger than social scientists previously understood.",https://www.nytimes.com/2016/03/27/upshot/growing-up-in-a-bad-neighborhood-does-more-harm-than-we-thought.html,fd824e0c-3faf-4f75-8022-538da09bbeec.txt,Traditions,art & traditions
Google’s New Font Honors Ancient Type Traditions,"Google Fonts, the company’s archive of free, open source fonts, lists more than 800 typographic designs. But Noto Serif CJK, which the company unveiled today, is unique in its utility.",https://www.wired.com/2017/04/googles-new-font-honors-ancient-type-traditions/,b14687d5-e44b-4347-af02-bbd0cd97ab23.txt,Traditions,art & traditions
Charles Murray’s ‘Provocative’ Talk,The talk that the political scientist Charles Murray attempted to deliver last month at Middlebury College in Vermont must have been quite provocative — perhaps even offensive or an instance of hate speech. How else to explain the vehement opposition to it?  Before Mr.,https://www.nytimes.com/2017/04/15/opinion/sunday/charles-murrays-provocative-talk.html,bea77dee-9e83-4b98-aef3-6abe9a6f0abf.txt,Traditions,art & traditions
White Students’ Unfair Advantage in Admissions,"I deflect these queries, since I’m just a volunteer, not a member of the admissions committee. But I understand their concern.",https://www.nytimes.com/2017/01/30/opinion/white-students-unfair-advantage-in-admissions.html,177394dc-3453-4068-acdf-d21647e0e117.txt,Traditions,art & traditions
How Inequality Erodes the Foundation of Modern Societies,THE FATE OF THE WEST The Battle to Save the World’s Most Successful Political Idea By Bill Emmott 257 pp. PublicAffairs. $28.  ONE ANOTHER’S EQUALS The Basis of Human Equality By Jeremy Waldron 264 pp. The Belknap Press/Harvard University Press. $29.95.,https://www.nytimes.com/2017/07/20/books/review/the-fate-of-the-west-bill-emmott-one-anothers-equals-jeremy-waldron-.html,e701a963-b5fc-445a-853d-60e63385aaa4.txt,Traditions,art & traditions
The Cuomo College Fiasco,"Donald Trump sets the bar very high, but the award for the worst public policy idea of the year goes to New York Gov. Andrew Cuomo.  Cuomo presides over a state with a rich diversity of educational institutions.",https://www.nytimes.com/2017/04/14/opinion/the-cuomo-college-fiasco.html,94511e1a-a958-43a6-b9b1-01f35bb725f9.txt,Traditions,art & traditions
It’s Not Just Unfair: Inequality Is a Threat to Our Governance,THE CRISIS OF THE MIDDLE-CLASS CONSTITUTIONWhy Economic Inequality Threatens Our RepublicBy Ganesh Sitaraman 423 pp. Alfred A. Knopf. $28.  President Obama labeled income inequality “the defining challenge of our time.,https://www.nytimes.com/2017/03/20/books/review/crisis-of-the-middle-class-constitution-ganesh-sitaraman-.html,07f27e30-4e5e-42c3-afb5-f8f7fa72557a.txt,Traditions,art & traditions
"Affirmative Action Policies Evolve, Achieving Their Own Diversity","Just a year ago, after the Supreme Court rejected a challenge to the University of Texas at Austin’s admissions program by a single swing vote, the question seemed to be edging, at last, toward an answer: Colleges could, the justices ruled,",https://www.nytimes.com/2017/08/05/us/affirmative-action-justice-department.html,280044dc-ca7b-45d5-87f3-af2395f2d613.txt,Traditions,art & traditions
A Question About Friends Reveals a Lot About Class Divides,"You may have been asked at some point in your life how many of your friends are white or black, as a test for racial inclusiveness.  Now try a question that reveals something about the class divide in the United States: How many of your closest friends didn’t graduate from college?",https://www.nytimes.com/2016/09/01/upshot/a-question-about-friends-reveals-a-lot-about-class-divides.html,1d80099e-9fbb-435f-a772-a470b7529943.txt,Traditions,art & traditions
The Immigration Debate We Need,"The first month of the Trump administration has already changed the direction of the immigration debate, with many more changes coming soon. So far, executive orders and deportations dominate the discussion.",https://www.nytimes.com/2017/02/27/opinion/the-immigration-debate-we-need.html,c3e551a3-18aa-40d9-a3e5-799c4d7417a3.txt,Traditions,art & traditions
Real Compassion in College Admissions,"THE college admission process is always stressful, often unfair and may well reward the wrong values. But the recommendations released last month by a Harvard Graduate School of Education project called Making Caring Common will only make things worse.",https://www.nytimes.com/2016/02/07/opinion/sunday/real-compassion-in-college-admissions.html,f8fa91ec-2144-4cd0-b76d-a669ec4cb4cd.txt,Traditions,art & traditions
Why Are Some Mice (and People) Monogamous? A Study Points to Genes,"The oldfield mouse doesn’t seem extraordinary. With soulful black eyes and tiny teacup ears, the rodent lives a humdrum life scurrying about meadows and beaches in the Southeast.",https://www.nytimes.com/2017/04/19/science/parenting-genes-study.html,ce2b69e7-96a5-45f0-a1db-f278bd93913b.txt,Traditions,art & traditions
The Fragmented Society,"There are just a few essential reads if you want to understand the American social and political landscape today. Robert Putnam’s “Our Kids,” Charles Murray’s “Coming Apart” and a few other books deserve to be on that list.",https://www.nytimes.com/2016/05/20/opinion/the-fragmented-society.html,6a6f5db3-7731-4c25-9730-9cec4cfbf8fb.txt,Traditions,art & traditions
